{
  "workspace_rotation": {
    "x_deg": 0.0,
    "y_deg": -0.535,
    "z_deg": 0.0
  },
  "aruco": {
    "marker_size_m": 0.04,
    "dictionary": "DICT_4X4_50",
    "markers": {
      "1": [
        -0.415,
        -0.265
      ],
      "2": [
        -0.415,
        0.265
      ],
      "3": [
        0.415,
        0.265
      ],
      "4": [
        0.415,
        -0.265
      ]
    }
  },
  "homography": {
    "H": [
      [
        0.0009431085882221236,
        -4.3677498411548756e-05,
        -0.5904271130080223
      ],
      [
        -1.088141288301324e-05,
        -0.0010046375847985224,
        0.3043414976003633
      ],
      [
        -0.00011894413570003628,
        0.00039696696300113533,
        1.0
      ]
    ],
    "cam_width": 1280,
    "cam_height": 720,
    "topdown_bounds": [
      -0.435,
      0.435,
      -0.28500000000000003,
      0.28500000000000003
    ]
  },
  "robot": {
    "zero_pose": [
      0.00870908015566296,
      -0.28534524632394026,
      -0.03902948287392956,
      0.07007749503726493,
      -3.130508798724662,
      -0.0069982431781273596
    ]
  }
}