{
  "workspace_rotation": {
    "x_deg": 0.0,
    "y_deg": -0.535,
    "z_deg": 0.0
  },
  "aruco": {
    "marker_size_m": 0.04,
    "dictionary": "DICT_4X4_50",
    "markers": {
      "1": [
        -0.415,
        -0.265
      ],
      "2": [
        -0.415,
        0.265
      ],
      "3": [
        0.415,
        0.265
      ],
      "4": [
        0.415,
        -0.265
      ]
    }
  },
  "homography": {
    "H": [
      [
        0.0009249046502292856,
        -4.305939621304347e-05,
        -0.5527399819093441
      ],
      [
        -9.694544787465454e-06,
        -0.0009878126068952173,
        0.2869541390040564
      ],
      [
        -0.00014480770456947465,
        0.000384936615040062,
        1.0
      ]
    ],
    "cam_width": 1280,
    "cam_height": 720,
    "topdown_bounds": [
      -0.435,
      0.435,
      -0.28500000000000003,
      0.28500000000000003
    ]
  },
  "robot": {
    "zero_pose": [
      0.00870908015566296,
      -0.28534524632394026,
      -0.03902948287392956,
      0.07007749503726493,
      -3.130508798724662,
      -0.0069982431781273596
    ]
  }
}