{
  "workspace_rotation": {
    "x_deg": 0.0,
    "y_deg": -0.535,
    "z_deg": 0.0
  },
  "aruco": {
    "marker_size_m": 0.04,
    "dictionary": "DICT_4X4_50",
    "markers": {
      "1": [
        -0.415,
        -0.265
      ],
      "2": [
        -0.415,
        0.265
      ],
      "3": [
        0.415,
        0.265
      ],
      "4": [
        0.415,
        -0.265
      ]
    }
  },
  "homography": {
    "H": [
      [
        0.0009423474158909758,
        -2.2580739693095936e-05,
        -0.5999133708210757
      ],
      [
        1.0588795467345686e-05,
        -0.0010042161194081954,
        0.29132072899255923
      ],
      [
        -0.00012102152350784721,
        0.0003972230102121978,
        1.0
      ]
    ],
    "cam_width": 1280,
    "cam_height": 720,
    "topdown_bounds": [
      -0.435,
      0.435,
      -0.28500000000000003,
      0.28500000000000003
    ]
  },
  "robot": {
    "zero_pose": [
      0.008720253788959468,
      -0.28532004665985755,
      -0.0390447418293368,
      0.07011802541694698,
      -3.130530288924969,
      -0.007137690868785444
    ]
  }
}