{
  "workspace_rotation": {
    "x_deg": 0.0,
    "y_deg": -0.535,
    "z_deg": 0.0
  },
  "aruco": {
    "marker_size_m": 0.04,
    "dictionary": "DICT_4X4_50",
    "markers": {
      "1": [
        -0.415,
        -0.265
      ],
      "2": [
        -0.415,
        0.265
      ],
      "3": [
        0.415,
        0.265
      ],
      "4": [
        0.415,
        -0.265
      ]
    }
  },
  "homography": {
    "H": [
      [
        0.0009430370429514434,
        -4.364645757164399e-05,
        -0.5903858945897875
      ],
      [
        -1.08757454140456e-05,
        -0.001004110204843292,
        0.3040434848009638
      ],
      [
        -0.00011888176972680159,
        0.00039675344751329466,
        1.0
      ]
    ],
    "cam_width": 1280,
    "cam_height": 720,
    "topdown_bounds": [
      -0.435,
      0.435,
      -0.28500000000000003,
      0.28500000000000003
    ]
  },
  "robot": {
    "zero_pose": [
      0.00870908015566296,
      -0.28534524632394026,
      -0.03902948287392956,
      0.07007749503726493,
      -3.130508798724662,
      -0.0069982431781273596
    ]
  }
}