{
  "H": [
    [
      0.0009495909656358796,
      -4.322873055326377e-05,
      -0.5384569920551356
    ],
    [
      -2.880675264879318e-05,
      -0.001019874784407553,
      0.3131248146531879
    ],
    [
      -0.00010111588032751189,
      0.00040117310972943794,
      1.0
    ]
  ],
  "cam_width": 1280,
  "cam_height": 720,
  "topdown_bounds": [
    -0.435,
    0.435,
    -0.28500000000000003,
    0.28500000000000003
  ]
}