{
  "H": [
    [
      0.0010632869490437115,
      4.003391512411877e-05,
      -0.6939899162169374
    ],
    [
      3.6498915597395815e-05,
      -0.001165398181004701,
      0.319599142567774
    ],
    [
      -3.388851538322933e-06,
      0.0005292209778332076,
      0.9999999999999999
    ]
  ],
  "cam_width": 1280,
  "cam_height": 720,
  "topdown_bounds": [
    -0.425,
    0.425,
    -0.275,
    0.275
  ]
}