{
  "H": [
    [
      0.001457778178766971,
      2.3170676921549704e-05,
      -0.9185866432006382
    ],
    [
      1.647038422303197e-07,
      -0.0017789182261515922,
      0.6175949370101949
    ],
    [
      6.386933848246699e-06,
      0.001197243028780635,
      0.9999999999999999
    ]
  ],
  "cam_width": 1280,
  "cam_height": 720,
  "topdown_bounds": [
    -0.425,
    0.425,
    -0.275,
    0.275
  ]
}