{
  "H": [
    [
      0.0010636556474990714,
      -8.752772510548357e-05,
      -0.6050446433040246
    ],
    [
      -9.957081204238895e-05,
      -0.0011659208358698941,
      0.40302339800991727
    ],
    [
      7.370552788188278e-06,
      0.0005270864906649611,
      1.0
    ]
  ],
  "cam_width": 1280,
  "cam_height": 720,
  "topdown_bounds": [
    -0.425,
    0.425,
    -0.275,
    0.275
  ]
}