{
  "H": [
    [
      0.001261939938025466,
      4.7043633745500383e-05,
      -0.7547820078232905
    ],
    [
      -5.735072168420427e-06,
      -0.0014943739412963933,
      0.42926502279387385
    ],
    [
      3.0181943472859013e-05,
      0.0008590973978585543,
      1.0
    ]
  ],
  "cam_width": 1280,
  "cam_height": 720,
  "topdown_bounds": [
    -0.425,
    0.425,
    -0.275,
    0.275
  ]
}