{
  "H": [
    [
      -6.514848139452387e-06,
      -0.0002579435792869793,
      0.5116058585577995
    ],
    [
      0.0001460379642081833,
      0.00012228369000435825,
      0.06110600109554625
    ],
    [
      -7.830885879590751e-06,
      0.0008111744477807222,
      1.0
    ]
  ],
  "cam_width": 1280,
  "cam_height": 720
}