{
  "H": [
    [
      0.0009793187254315632,
      1.3791655231233691e-06,
      -0.5757573587238654
    ],
    [
      6.708698820251422e-06,
      -0.0010538349739751198,
      0.3142218088787116
    ],
    [
      -7.411231351729215e-05,
      0.0004325714806013294,
      1.0
    ]
  ],
  "cam_width": 1280,
  "cam_height": 720,
  "topdown_bounds": [
    -0.425,
    0.425,
    -0.275,
    0.275
  ]
}