{
  "H": [
    [
      0.0010523261145118173,
      2.748530811642753e-06,
      -0.6706345478630442
    ],
    [
      3.042365306578453e-06,
      -0.001160649443778709,
      0.31649668346886206
    ],
    [
      -1.148062441815138e-05,
      0.00052165179335398,
      1.0
    ]
  ],
  "cam_width": 1280,
  "cam_height": 720,
  "topdown_bounds": [
    -0.425,
    0.425,
    -0.275,
    0.275
  ]
}