{
  "H": [
    [
      0.0014566996039146545,
      2.303467300548956e-05,
      -0.9179278756260606
    ],
    [
      7.314288209753449e-07,
      -0.0017765854838524928,
      0.6163912694653304
    ],
    [
      5.639029502880436e-06,
      0.001195661586641431,
      1.0
    ]
  ],
  "cam_width": 1280,
  "cam_height": 720,
  "topdown_bounds": [
    -0.425,
    0.425,
    -0.275,
    0.275
  ]
}