{
  "H": [
    [
      -9.084844232993084e-06,
      -0.00025849135586941864,
      0.510942856403982
    ],
    [
      0.00014523905249968176,
      0.00011957194522324284,
      0.06167128471961897
    ],
    [
      -7.967251478641845e-06,
      0.0007990599275317564,
      0.9999999999999999
    ]
  ],
  "cam_width": 1280,
  "cam_height": 720
}