{
  "H": [
    [
      1.8439848513033666e-06,
      -0.0002627016132865878,
      0.5049475570073673
    ],
    [
      0.00014860601739332446,
      0.00012671477489565908,
      0.056928183846661755
    ],
    [
      -1.7866320818886362e-06,
      0.000829449664127903,
      1.0
    ]
  ],
  "cam_width": 1280,
  "cam_height": 720
}