{
  "H": [
    [
      0.001462043492789483,
      2.3176426328962787e-05,
      -0.9220439647362842
    ],
    [
      -2.191819083162275e-07,
      -0.0017832990708489854,
      0.6198220360221361
    ],
    [
      7.85392365735073e-06,
      0.0012021325775532143,
      1.0
    ]
  ],
  "cam_width": 1280,
  "cam_height": 720,
  "topdown_bounds": [
    -0.425,
    0.425,
    -0.275,
    0.275
  ]
}