{
  "H": [
    [
      0.0014627822597974092,
      2.2786984089309928e-05,
      -0.9205992124660364
    ],
    [
      -1.1728758892560313e-06,
      -0.0017837382948863066,
      0.6198770524691982
    ],
    [
      1.0043147380825592e-05,
      0.001203763084829349,
      0.9999999999999999
    ]
  ],
  "cam_width": 1280,
  "cam_height": 720,
  "topdown_bounds": [
    -0.425,
    0.425,
    -0.275,
    0.275
  ]
}