{
  "H": [
    [
      0.0014585606220234295,
      2.3315615211087846e-05,
      -0.9188611640740226
    ],
    [
      9.172966641504413e-07,
      -0.0017793657910841034,
      0.6170318722422947
    ],
    [
      6.346716849684295e-06,
      0.0011995697046193836,
      1.0
    ]
  ],
  "cam_width": 1280,
  "cam_height": 720,
  "topdown_bounds": [
    -0.425,
    0.425,
    -0.275,
    0.275
  ]
}