{
  "H": [
    [
      0.0014603675166586832,
      2.159537653281344e-05,
      -0.9195634655551591
    ],
    [
      5.457383978598128e-07,
      -0.0017797478220906886,
      0.6192717021763522
    ],
    [
      4.947876527735998e-06,
      0.0012013108929122204,
      1.0
    ]
  ],
  "cam_width": 1280,
  "cam_height": 720,
  "topdown_bounds": [
    -0.425,
    0.425,
    -0.275,
    0.275
  ]
}