{
  "H": [
    [
      0.0009787408182162262,
      -1.771933257280763e-07,
      -0.5745513192389247
    ],
    [
      6.085004702525812e-06,
      -0.0010532696604566372,
      0.31399858942211123
    ],
    [
      -7.511299885844045e-05,
      0.0004334836163049275,
      1.0
    ]
  ],
  "cam_width": 1280,
  "cam_height": 720,
  "topdown_bounds": [
    -0.435,
    0.435,
    -0.28500000000000003,
    0.28500000000000003
  ]
}