{
  "H": [
    [
      0.0014632838279470333,
      2.4288070474799555e-05,
      -0.9229097937261875
    ],
    [
      -3.4175254431254737e-08,
      -0.0017858601265872151,
      0.6204074137883786
    ],
    [
      8.566383779807806e-06,
      0.0012055535379886055,
      1.0
    ]
  ],
  "cam_width": 1280,
  "cam_height": 720,
  "topdown_bounds": [
    -0.425,
    0.425,
    -0.275,
    0.275
  ]
}