{
  "H": [
    [
      0.0014631863196209738,
      2.4035951336964903e-05,
      -0.9227239069474277
    ],
    [
      -2.206456892846612e-07,
      -0.001784693463957716,
      0.6201903976085908
    ],
    [
      7.8605779003762e-06,
      0.0012050995645836598,
      0.9999999999999999
    ]
  ],
  "cam_width": 1280,
  "cam_height": 720,
  "topdown_bounds": [
    -0.425,
    0.425,
    -0.275,
    0.275
  ]
}