{
  "H": [
    [
      0.0009783516765487334,
      8.178239227885053e-08,
      -0.5744714789814164
    ],
    [
      6.069554628577251e-06,
      -0.0010531845290043778,
      0.31397837338762685
    ],
    [
      -7.509887429207146e-05,
      0.00043187394186189337,
      1.0
    ]
  ],
  "cam_width": 1280,
  "cam_height": 720,
  "topdown_bounds": [
    -0.435,
    0.435,
    -0.28500000000000003,
    0.28500000000000003
  ]
}